planner,mapName,problemIndex,numSteps,cost,timespent,success
0,./map1.txt,0,73,19.503965,1.3038423159741797,True
0,./map2.txt,1,25,4.845769000000001,2.054381163965445,True
1,./map1.txt,0,19,9.503305000000001,0.002932865987531841,False
1,./map2.txt,1,9,4.3196829999999995,0.002944312000181526,True
2,./map1.txt,0,41,17.328293000000002,0.9731709019979462,True
2,./map2.txt,1,21,4.319683,0.7222079330240376,True
