planner,mapName,problemIndex,numSteps,cost,timespent,success
0,./map1.txt,0,11,19.912822999999996,0.26800067094154656,True
0,./map2.txt,1,3,4.3196829999999995,0.43365267501212656,True
1,./map1.txt,0,13,17.198279,0.37715916405431926,True
1,./map2.txt,1,4,4.319683,0.9103704020380974,True
2,./map1.txt,0,9,18.081785,1.6563791719963774,True
2,./map2.txt,1,7,6.116162999999999,0.8218181210104376,True
