planner,mapName,problemIndex,numSteps,cost,timespent,success
0,./map1.txt,0,19,9.503305000000001,0.003910536004696041,False
0,./map2.txt,1,9,4.3196829999999995,0.003406047006137669,True
1,./map1.txt,0,19,9.503305000000001,0.003166751004755497,False
1,./map2.txt,1,9,4.3196829999999995,0.0032960550161078572,True
2,./map1.txt,0,41,13.392197,0.49991810496430844,True
2,./map2.txt,1,21,4.319683,0.3200383430230431,True
