planner,mapName,problemIndex,numSteps,cost,timespent,success
0,./map1.txt,0,57,25.509511000000003,0.41958129999693483,True
0,./map2.txt,1,9,4.3196829999999995,0.37254030199255794,True
1,./map1.txt,0,19,9.503305000000001,0.004442655015736818,False
1,./map2.txt,1,9,4.3196829999999995,0.004444580001290888,True
2,./map1.txt,0,41,14.845325,0.545040704018902,True
2,./map2.txt,1,21,4.319683,0.3511485460330732,True
