planner,mapName,problemIndex,numSteps,cost,timespent,success
0,./map1.txt,0,65,14.901811,2.387237630027812,True
0,./map2.txt,1,25,4.3196829999999995,3.4434871890116483,True
1,./map1.txt,0,-1,-1.0,3.4434871890116483,False
1,./map2.txt,1,21,4.3196829999999995,5.027545580989681,True
2,./map1.txt,0,41,14.844524999999999,1.5470435269526206,True
2,./map2.txt,1,21,4.319683,1.082406474975869,True
