planner,mapName,problemIndex,numSteps,cost,timespent,success
0,./map1.txt,0,51,22.456989,1.6683594370260835,True
0,./map2.txt,1,13,4.467992999999999,3.0093943730462343,True
1,./map1.txt,0,12,18.130413,0.9083372539607808,True
1,./map2.txt,1,4,4.3196829999999995,5.300318757072091,True
2,./map1.txt,0,41,15.982024999999998,0.9309324980713427,True
2,./map2.txt,1,21,4.319683,0.6194518730044365,True
