planner,mapName,problemIndex,numSteps,cost,timespent,success
0,./map1.txt,0,11,17.498770999999998,1.2071751970797777,True
0,./map2.txt,1,3,4.3196829999999995,2.075871034990996,True
1,./map1.txt,0,11,19.123159,1.5082927539478987,True
1,./map2.txt,1,3,4.3196829999999995,4.1492463001050055,True
2,./map1.txt,0,41,15.769209,0.09646182600408792,True
2,./map2.txt,1,41,4.3196829999999995,0.06295615900307894,True
