planner,mapName,problemIndex,numSteps,cost,timespent,success
0,./map1.txt,0,11,17.155983000000003,2.095775686088018,True
0,./map2.txt,1,3,4.3196829999999995,4.01694215205498,True
1,./map1.txt,0,13,18.832261000000003,2.667526236968115,True
1,./map2.txt,1,3,4.3196829999999995,7.1989348970819265,True
2,./map1.txt,0,41,19.446489,3.971333008026704,True
2,./map2.txt,1,21,4.319683,3.283022572984919,True
