planner,mapName,problemIndex,numSteps,cost,timespent,success
0,./map1.txt,0,49,15.128673,1.460881522973068,True
0,./map2.txt,1,25,5.046043,2.104240790999029,True
1,./map1.txt,0,41,16.047974999999997,4.682186953024939,True
1,./map2.txt,1,16,5.019062999999999,4.0141556250164285,True
2,./map1.txt,0,41,17.469645,1.0118362279608846,True
2,./map2.txt,1,21,4.319683,0.7552903469768353,True
